listing_type,first_name,last_name,email,company,phone_number,address1,city,zip_code,state_code,country_code,profession_name,services
,,,,,,,,,,,,
Company,,,,Space-O Technologies,706 926-8048,Ahmedabad,,,IN,91,Mobile App Development, Mobile App Developers
Company,,,,CodigoDelSur,598 2337-8873,Montevideo,,,UY,598,Mobile App Development, Mobile App Developers
Company,,,,Miquido,536 08-3559,Kraków,,,PL,48,Mobile App Development, Mobile App Developers
Company,,,,Cheesecake Labs,415 691-6007,San Francisco,,CA,US,1,Mobile App Development, Mobile App Developers
Company,,,,Sidebench,310 893-3589,Santa Monica,,CA,US,1,Mobile App Development, Mobile App Developers
Company,,,,Utility,212 328-1167,New York,,NY,US,1,Mobile App Development, Mobile App Developers
Company,,,,Orangesoft,424 208-0209,San Francisco,,CA,US,1,Mobile App Development, Mobile App Developers
Company,,,,December Labs,713 364-2150,Houston,,TX,US,1,Mobile App Development, Mobile App Developers
Company,,,,Swenson He,424 465-2525,Beverly Hills,,CA,US,1,Mobile App Development, Mobile App Developers
Company,,,,Infinum,917  838-2194,New York City,,NY,US,1,Mobile App Development, Mobile App Developers
Company,,,,RV Technologies,987 642-9881,Chandigarh,,,IN,91,Mobile App Development, Mobile App Developers
Company,,,,3 SIDED CUBE,120 261-1612,Bournemouth,,,UK,44,Mobile App Development, Mobile App Developers
Company,,,,Tapptitude,743 14-2383,Cluj-Napoca,,,RO,40,Mobile App Development, Mobile App Developers
Company,,,,Konstant Infosolutions,310 933-5465,Jaipur,,,IN,91,Mobile App Development, Mobile App Developers
Company,,,,Affle Enterprise,828 723-0230,,,,SG,65,Mobile App Development, Mobile App Developers
Company,,,,MindSea,888 390?5150,Halifax,,,CA,1,Mobile App Development, Mobile App Developers
Company,,,,Xmartlabs,628 400-0142,Montevideo,,,UY,598,Mobile App Development, Mobile App Developers
Company,,,,NMG Technologies,702 329-5652,Las Vegas,,NV,US,1,Mobile App Development, Mobile App Developers
Company,,,,Rapptr Labs,212 913-9626,Jersey City,,NJ,US,1,Mobile App Development, Mobile App Developers
Company,,,,Five,917 859-3808,New York,,NY,US,1,Mobile App Development, Mobile App Developers
Company,,,,Wolfpack Digital,752 82-1508,Cluj-Napoca,,,RO,40,Mobile App Development, Mobile App Developers
Company,,,,Halcyon Mobile,650 924-9023,New York,,NY,US,1,Mobile App Development, Mobile App Developers
Company,,,,Glance,20 3432-0655,London,,,UK,44,Mobile App Development, Mobile App Developers
Company,,,,GeekyAnts,084 4844-4709,Bengaluru,,,IN,91,Mobile App Development, Mobile App Developers
Company,,,,Dashbouquet Development,484 423-4474,Minsk,,,BY,375,Mobile App Development, Mobile App Developers
Company,,,,Ideamotive,660 11-1631,Warszawa,,,PL,48,Mobile App Development, Mobile App Developers
Company,,,,impltech,308 6328-6980,Berlin,,,DE,49,Mobile App Development, Mobile App Developers
Company,,,,Camber Creative,407 588-0702,Orlando,,FL,US,1,Mobile App Development, Mobile App Developers
Company,,,,WTT Solutions,302 538-9755,Kyiv,,,UA,380,Mobile App Development, Mobile App Developers
Company,,,,Zco,603 881-9200,Nashua,,NH,US,1,Mobile App Development, Mobile App Developers
Company,,,,Promatics Technologies,788 849-2652,Gurugram,,,IN,91,Mobile App Development, Mobile App Developers
Company,,,,Impiger Technologies,972 346-8186,Richardson,,TX,US,1,Mobile App Development, Mobile App Developers
Company,,,,Mutual Mobile,512 615-1800,Austin,,TX,US,1,Mobile App Development, Mobile App Developers
Company,,,,Appventurez,989 965-0980,Noida,,,US,91,Mobile App Development, Mobile App Developers
Company,,,,Steelkiwi,415 449-8696,Odessa,,,UA,380,Mobile App Development, Mobile App Developers
Company,,,,Onetree,347 474-0023,Montevideo,,,UY,598,Mobile App Development, Mobile App Developers
Company,,,,Clover Studio,385 137-5381,Zagreb,,,HR,385,Mobile App Development, Mobile App Developers
Company,,,,Uptech,310 526-3311,Kyiv,,,UA,380,Mobile App Development, Mobile App Developers
Company,,,,Tapston,375 29654-7303,Minsk,,,BY,375,Mobile App Development, Mobile App Developers
Company,,,,9series Inc,425  504-6109,Bellevue,,WA,US,1,Mobile App Development, Mobile App Developers
Company,,,,AppUnite,532 568 641,Pozna?,,,PL,48,Mobile App Development, Mobile App Developers
Company,,,,Big Nerd Ranch,770 817-6373,Atlanta,,GA,US,1,Mobile App Development, Mobile App Developers
Company,,,,DianApps,305 709-3773,Saint Petersburg,,FL,US,1,Mobile App Development, Mobile App Developers
Company,,,,NineTwoThree Digital Ventures,161 7538-2216,Danvers,,MA,US,1,Mobile App Development, Mobile App Developers
Company,,,,X2 Mobile,745 62-7529,Cluj-Napoca,,,RO,40,Mobile App Development, Mobile App Developers
Company,,,,Perpetio,,L'viv,,,UA,380,Mobile App Development, Mobile App Developers
Company,,,,Webs Optimization Software Solution,942 808-8175,Ahmedabad,,,IN,91,Mobile App Development, Mobile App Developers
Company,,,,Faba Technology,969 23-2345,Ho Chi Minh City,,,VT,84,Mobile App Development, Mobile App Developers
Company,,,,ThinkUp,456 2-2769,Montevideo,,,UY,598,Mobile App Development, Mobile App Developers
Company,,,,Factory,385 3363-8271,Osijek,,,HR,385,Mobile App Development, Mobile App Developers
Company,,,,Nimble Appgenie LLP,447 54074-1383,London,,,UK,1,Mobile App Development, Mobile App Developers
Company,,,,Giraffe Studio,487 8102-4755,Kraków,,,PL,48,Mobile App Development, Mobile App Developers
Company,,,,SWTec,783 1216-1903,Nizhnij Novgorod,,,RU,7,Mobile App Development, Mobile App Developers
Company,,,,Brocoders,380 50768-7691,Sumy,,,UA,380,Mobile App Development, Mobile App Developers
Company,,,,Lithios,919 576-9430,Raleigh,,NC,US,1,Mobile App Development, Mobile App Developers
Company,,,,Ars Futura,380 00000-0000,Zagreb,,,HR,1,Mobile App Development, Mobile App Developers
Company,,,,CMARIX,098 7987-0009,Ahmedabad,,,IN,1,Mobile App Development, Mobile App Developers
Company,,,,Intcore,201 00001-8081,Cairo,,EG,US,1,Mobile App Development, Mobile App Developers
Company,,,,Sandbar Digital,808 18-9068,London,,,UK,44,Mobile App Development, Mobile App Developers
Company,,,,moblers,972 54948-9805,Haogen,,,IL,972,Mobile App Development, Mobile App Developers
Company,,,,hedgehog lab,019 1249-8039,London,,,UK,44,Mobile App Development, Mobile App Developers
Company,,,,STRV,310 971-9175,Los Angeles,,CA,US,1,Mobile App Development, Mobile App Developers
Company,,,,ArcTouch,415 944-2000,San Francisco,,CA,US,1,Mobile App Development, Mobile App Developers
Company,,,,Droids On Roids,73208-0173,Wroc?aw,,,PL,48,Mobile App Development, Mobile App Developers
Company,,,,FreshWorks Studio,250 412-3470,Victoria,,,CA,1,Mobile App Development, Mobile App Developers
Company,,,,10Pearls,703 935-1919,Washington,,DC,US,1,Mobile App Development, Mobile App Developers
Company,,,,ChopDawg.com,800 490-1476,Philadelphia,,PA,US,1,Mobile App Development, Mobile App Developers
Company,,,,CitrusBits,925 452-6012,Los Angeles,,CA,US,1,Mobile App Development, Mobile App Developers
Company,,,,Sigma Software,380 67547-5659,Kyiv,,,UA,380,Mobile App Development, Mobile App Developers
Company,,,,Indus Net Technologies Pvt. Ltd.,334 046-4422,Kolkata,,,IN,91,Mobile App Development, Mobile App Developers
Company,,,,Red Foundry,888 406-1099,Chicago,,IL,US,1,Mobile App Development, Mobile App Developers
Company,,,,KindGeek,380 97465-2244,Lviv,,,UA,380,Mobile App Development, Mobile App Developers
Company,,,,Dogtown Media,888 814-7010,Los Angeles,,CA,US,1,Mobile App Development, Mobile App Developers
Company,,,,Net Solutions,416 720-1790,Chandigarh,,,IN,91,Mobile App Development, Mobile App Developers
Company,,,,Netsells Group,019 0456-3232,York,,,UK,44,Mobile App Development, Mobile App Developers
Company,,,,Digiryte,441 61706-7983,Manchester,,,UK,44,Mobile App Development, Mobile App Developers
Company,,,,Cubix,877 757-3454,West Palm Beach,,FL,US,1,Mobile App Development, Mobile App Developers
Company,,,,The Distance App Developers,441 90421-7171,London,,,UK,44,Mobile App Development, Mobile App Developers
Company,,,,247 Labs Inc.,877 247-7421,Toronto,,,CA,1,Mobile App Development, Mobile App Developers
Company,,,,Stfalcon,185 7239-0934,Kyiv,,,UA,380,Mobile App Development, Mobile App Developers
Company,,,,ARKA Softwares,214 329-1556,Dallas,,TX,US,1,Mobile App Development, Mobile App Developers
Company,,,,Apadmi,161 850-1300,Salford,,,UK,44,Mobile App Development, Mobile App Developers
Company,,,,Sonin App Development,017 3745-7788,Reigate,,,UK,44,Mobile App Development, Mobile App Developers
Company,,,,Surf,780 0600-2794,Voronez,,,RU,7,Mobile App Development, Mobile App Developers
Company,,,,Brainvire Infotech Inc,631 897-7276,Plano,,TX,US,1,Mobile App Development, Mobile App Developers
Company,,,,Dev Technosys,415 992-5493,Commerce,,CA,US,1,Mobile App Development, Mobile App Developers
Company,,,,CognitiveClouds,415 234-3611,Fremont,,CA,US,1,Mobile App Development, Mobile App Developers
Company,,,,Emizen Tech,810 799-0154,Jaipur,,,IN,91,Mobile App Development, Mobile App Developers
Company,,,,Dedicated Developers,770 274-4482,Alpharetta,,GA,US,1,Mobile App Development, Mobile App Developers
Company,,,,3Advance Apps,202 709-3238,Washington,,DC,US,1,Mobile App Development, Mobile App Developers
Company,,,,Waracle,080 0169-6877,London,,,UK,44,Mobile App Development, Mobile App Developers
Company,,,,Tintash,650 204-9718,Raleigh,,NC,US,1,Mobile App Development, Mobile App Developers
Company,,,,Koombea,888 840-3252,Doral,,FL,US,1,Mobile App Development, Mobile App Developers
Company,,,,Exploding Phone,121 285-0383,Alvechurch,,,UK,44,Mobile App Development, Mobile App Developers
Company,,,,Mystic Media,801 994-6815,Millcreek,,UT,US,1,Mobile App Development, Mobile App Developers
Company,,,,Diffco,415 655-1002,Sunnyvale,,CA,US,1,Mobile App Development, Mobile App Developers
Company,,,,Codewave Technologies,897 182-4910,Bengaluru,,,IN,91,Mobile App Development, Mobile App Developers
Company,,,,nomtek,537 60-6402,Wroc?aw,,,PL,48,Mobile App Development, Mobile App Developers
Company,,,,Cleveroad,664 89-6889,Dnipropetrovs'k,,,UA,380,Mobile App Development, Mobile App Developers
Company,,,,EB Pearls,028 880-7857,Sydney,,,AU,61,Mobile App Development, Mobile App Developers
Company,,,,Designli,864 513-2777,Greenville,,SC,US,1,Mobile App Development, Mobile App Developers
Company,,,,You are launched,939 71-5523,Dnipropetrovs'k,,,UA,380,Mobile App Development, Mobile App Developers
Company,,,,Techugo,360 322-4913,Ontario,,,UK,44,Mobile App Development, Mobile App Developers
Company,,,,Tkxel,571 554-8110,Reston,,VA,US,1,Mobile App Development, Mobile App Developers
Company,,,,The BHW Group,512 220-0035,Austin,,TX,US,1,Mobile App Development, Mobile App Developers
Company,,,,RootQuotient,647 374-5600,Toronto,,,CA,1,Mobile App Development, Mobile App Developers
Company,,,,AppIt Ventures,303 325-2607,Denver,,CO,US,1,Mobile App Development, Mobile App Developers
Company,,,,Launchpad App Development,130 027-7434,Richmond,,,AU,61,Mobile App Development, Mobile App Developers
Company,,,,Thumbmunkeys Ltd,190 421-5977,York,,,UK,44,Mobile App Development, Mobile App Developers
Company,,,,Brightec,127 362-5959,Brighton,,,UK,44,Mobile App Development, Mobile App Developers
Company,,,,Syberry,512 402-6582,Austin,,,TX,1,Mobile App Development, Mobile App Developers
Company,,,,App Boxer,180 027-7269,Baulkham Hills,,,AU,61,Mobile App Development, Mobile App Developers
Company,,,,Rantmedia,292 039-9189,Cardiff,,,AU,44,Mobile App Development, Mobile App Developers
Company,,,,iTechArt Group,718 374-5043,New York,,NY,US,1,Mobile App Development, Mobile App Developers
Company,,,,NS804,804 208-0676,Henrico,,VA,US,1,Mobile App Development, Mobile App Developers
Company,,,,FiveDotTwelve,486 9330-9429,?ód?,,,PL,48,Mobile App Development, Mobile App Developers
Company,,,,Chelsea Apps,020 8057-8878,London,,,UK,44,Mobile App Development, Mobile App Developers
Company,,,,Lean Apps,491 73194-2045,Berlin,,,DE,49,Mobile App Development, Mobile App Developers
Company,,,,Lickability,929 266-8644,New York,,NY,US,1,Mobile App Development, Mobile App Developers
Company,,,,Grey Chain Technology,914 618-5010,White Plains,,NY,US,1,Mobile App Development, Mobile App Developers
Company,,,,Codal,312 219-8691,Chicago,,IL,US,1,Mobile App Development, Mobile App Developers
Company,,,,Deviniti,487 3141-1600,Wroc?aw,,,PL,48,Mobile App Development, Mobile App Developers
Company,,,,Indiespring,016 1660-6756,Manchester,,,UK,44,Mobile App Development, Mobile App Developers
Company,,,,thoughtbot,877 976-2687,Boston,,MA,US,1,Mobile App Development, Mobile App Developers
Company,,,,Toptal,888 604-3188,San Francisco,,CA,US,1,Mobile App Development, Mobile App Developers
Company,,,,Naked,949 214-4003,Irvine,,CA,US,1,Mobile App Development, Mobile App Developers
Company,,,,Zoolatech,650 823-0936,Palo Alto,,CA,US,1,Mobile App Development, Mobile App Developers
Company,,,,VentureDive Pvt. Ltd.,650 200-3869,Mountain View,,CA,US,1,Mobile App Development, Mobile App Developers
Company,,,,Rootstrap,310 907-9210,West Hollywood,,CA,US,1,Mobile App Development, Mobile App Developers
Company,,,,Intelivita,113 357-0340,Leeds,,,UK,44,Mobile App Development, Mobile App Developers
Company,,,,CronJ IT Technologies,709 370-5150,Bengaluru,,,IN,91,Mobile App Development, Mobile App Developers
Company,,,,Future Mind,222 53-3831,Warszawa,,,PL,48,Mobile App Development, Mobile App Developers
Company,,,,Studio Graphene,203 096-8384,London,,,UK,44,Mobile App Development, Mobile App Developers
Company,,,,Gorilla Logic,303 647-5236,Broomfield,,CO,US,1,Mobile App Development, Mobile App Developers
Company,,,,Atta Systems (formerly AB4 Systems),403 1630-2333,Bucure?ti,,,RO,40,Mobile App Development, Mobile App Developers
Company,,,,Zudu,138 269-0080,Dundee,,,UK,44,Mobile App Development, Mobile App Developers
Company,,,,Diginix AI IT Solutions Dubai,156 398-8134,Dubai,,,US,971,Mobile App Development, Mobile App Developers
Company,,,,B2C Info Solutions,919 2111-81116,Noida,,,IN,91,Mobile App Development, Mobile App Developers
Company,,,,Apzumi,485 0267-8982,Pozna?,,,PL,48,Mobile App Development, Mobile App Developers
Company,,,,Wve Labs,800 588-9094,Newport Beach,,CA,US,1,Mobile App Development, Mobile App Developers
Company,,,,Nickelfox,012 0411-2305,Noida,,,IN,91,Mobile App Development, Mobile App Developers
Company,,,,Savvycom Software,842 43202-9222,Hanoi,,VT,US,1,Mobile App Development, Mobile App Developers
Company,,,,Enozom Software,203 586-6344,Alexandria,,,EG,20,Mobile App Development, Mobile App Developers
Company,,,,Appetiser,611 80095-4778,Richmond,,,AU,61,Mobile App Development, Mobile App Developers
Company,,,,Moove It,512 949-8991,Austin,,TX,US,1,Mobile App Development, Mobile App Developers
Company,,,,DreamWalk App Development,386 78-1870,South Yarra,,,AU,61,Mobile App Development, Mobile App Developers
Company,,,,Praxent,512 553-6830,Austin,,TX,US,1,Mobile App Development, Mobile App Developers
Company,,,,Trigma,702 907-5006,Las Vegas,,NV,US,1,Mobile App Development, Mobile App Developers
Company,,,,Mobulous,965 010-0411,Noida,,,IN,91,Mobile App Development, Mobile App Developers
Company,,,,Simpalm,301 825-5331,North Bethesda,,MD,US,1,Mobile App Development, Mobile App Developers
Company,,,,Atmosphere Apps,352 327-0178,Gainesville,,FL,US,1,Mobile App Development, Mobile App Developers
Company,,,,Appoly Ltd,192 652-0052,Leamington Spa,,,UK,44,Mobile App Development, Mobile App Developers
Company,,,,Volo,374 1190-8060,Yerevan,,,AM,374,Mobile App Development, Mobile App Developers
Company,,,,Lizard Global,311 0808-0860,Rotterdam,,,NL,31,Mobile App Development, Mobile App Developers
Company,,,,Emirates Graphic, 971 4456-6953,Dubai,,,UAE,971,Mobile App Development, Mobile App Developers
Company,,,,Fingers,375 29201-4282,Minsk,,,BY,375,Mobile App Development, Mobile App Developers
Company,,,,asap developers,415 967-3920,San Francisco,,,CA,1,Mobile App Development, Mobile App Developers
Company,,,,Interexy LLC,239 719-2347,Miami,,FL,US,1,Mobile App Development, Mobile App Developers
Company,,,,Wave Digital,039 021-7490,North Melbourne,,,AU,61,Mobile App Development, Mobile App Developers
Company,,,,ISBX,310 437-8010,Los Angeles,,CA,US,1,Mobile App Development, Mobile App Developers
Company,,,,Metova,501 472-5864,Franklin,,TN,US,1,Mobile App Development, Mobile App Developers
Company,,,,Foresight Mobile,161 464-0715,Cheadle,,,UK,44,Mobile App Development, Mobile App Developers
Company,,,,App-Scoop,800 392-8188,Vancouver,,,CA,1,Mobile App Development, Mobile App Developers
Company,,,,"AppZoro Technologies, Inc.",678 462-4034,Atlanta,,GA,US,1,Mobile App Development, Mobile App Developers
Company,,,,Rocket Farm Studios,161 7463-9123,Boston,,MA,US,1,Mobile App Development, Mobile App Developers
Company,,,,Intuz,650 451-1499,San Francisco,,CA,US,1,Mobile App Development, Mobile App Developers
Company,,,,Pairroxz,917 73725-2994,Jaipur,,,IN,91,Mobile App Development, Mobile App Developers
Company,,,,CreateThrive,197 8800-4486,Montevideo,,,UY,598,Mobile App Development, Mobile App Developers
Company,,,,Tudip Technologies Pvt. Ltd.,408 216-8162,Campbell,,CA,US,1,Mobile App Development, Mobile App Developers
Company,,,,"Confianz Global, Inc",704 215-4622,Charlotte,,NC,US,1,Mobile App Development, Mobile App Developers
Company,,,,Table XI,312 450-6320,Chicago,,IL,US,1,Mobile App Development, Mobile App Developers
Company,,,,Brainium Information Technologies,974 834-8177,Kolkata,,,IN,1,Mobile App Development, Mobile App Developers
Company,,,,Aglowid IT Solutions Pvt. Ltd.,770 796-0077,Ahmedabad,,,IN,91,Mobile App Development, Mobile App Developers
Company,,,,InApps Technology,849 0633-0450,Ho Chi Minh,,,VT,84,Mobile App Development, Mobile App Developers
Company,,,,Fyresite,888 221-6509,Phoenix,,AZ,US,1,Mobile App Development, Mobile App Developers
Company,,,,idea box,130 090-6590,Chippendale,,,AU,61,Mobile App Development, Mobile App Developers
Company,,,,Gauss Development,385 98904-0151,Osijek,,,HR,385,Mobile App Development, Mobile App Developers
Company,,,,TTT Studios,888 315-4476,Vancouver,,,CA,1,Mobile App Development, Mobile App Developers
Company,,,,Sferea,551 86-3756,Ciudad de México,,,MX,52,Mobile App Development, Mobile App Developers
Company,,,,Riseapps,380 50637-2282,Tallinn,,,US,372,Mobile App Development, Mobile App Developers
Company,,,,ROCKETECH,653 159-3765,Singapore,,,SG,65,Mobile App Development, Mobile App Developers
Company,,,,Light IT,380 50228-8822,Zaporizhzhia,,,UA,380,Mobile App Development, Mobile App Developers
Company,,,,Evenset Inc.,647 770-4441,Toronto,,,CA,1,Mobile App Development, Mobile App Developers
Company,,,,delaPlex,404 876-3334,Atlanta,,GA,US,1,Mobile App Development, Mobile App Developers
Company,,,,Continuum Software Solutions Inc,437 887-1014,Toronto,,,CA,1,Mobile App Development, Mobile App Developers
Company,,,,Dot Com Development,480 999-1808,Scottsdale,,AZ,US,1,Mobile App Development, Mobile App Developers
Company,,,,TekRevol,281 476-6898,Houston,,TX,US,1,Mobile App Development, Mobile App Developers
Company,,,,Saritasa,888 716-5833,Newport Beach,,CA,US,1,Mobile App Development, Mobile App Developers
Company,,,,Eight Bit Studios,312 281-8823,Chicago,,IL,US,1,Mobile App Development, Mobile App Developers
Company,,,,Cool Digital Solutions,908 50885-0529,Izmir,,,TR,90,Mobile App Development, Mobile App Developers
Company,,,,KitelyTech,312 254-8248,Chicago,,IL,US,1,Mobile App Development, Mobile App Developers
Company,,,,BrancoSoft,096 5080-2288,Noida,,,IN,91,Mobile App Development, Mobile App Developers
Company,,,,Chromedia,720 257-5277,Denver,,CO,US,1,Mobile App Development, Mobile App Developers
Company,,,,Calibrate Software,773 282-2073,Chicago,,IL,US,1,Mobile App Development, Mobile App Developers
Company,,,,GenITeam Solutions,480 409-1771,Sheridan,,WY,US,1,Mobile App Development, Mobile App Developers
Company,,,,Apptitude,800 713-1535,Houston,,TX,US,1,Mobile App Development, Mobile App Developers
Company,,,,Beetroot AB,,Stockholm,,,SE,46,Mobile App Development, Mobile App Developers
Company,,,,Vincit,949 751-2140,Irvine,,CA,US,1,Mobile App Development, Mobile App Developers
Company,,,,Pocketworks,011 3466-0302,Leeds,,,UK,44,Mobile App Development, Mobile App Developers
Company,,,,DOIT Software,929 999-1825,Boston,,MA,US,1,Mobile App Development, Mobile App Developers
Company,,,,Dot Com Infoway,919 00378-9096,Madurai,,,IN,91,Mobile App Development, Mobile App Developers
Company,,,,Essential Designs,604 568-7800,Vancouver,,,CA,1,Mobile App Development, Mobile App Developers
Company,,,,ClearSummit,323 940-3353,Santa Monica,,CA,US,1,Mobile App Development, Mobile App Developers
Company,,,,Matellio,408 675-6740,San Jose,,CA,US,1,Mobile App Development, Mobile App Developers
Company,,,,WeSoftYou,855 739-3935,Kyiv,,,UA,380,Mobile App Development, Mobile App Developers
Company,,,,Workin Geeks,791 6083-7954,Moskva,,,RU,7,Mobile App Development, Mobile App Developers
Company,,,,Bluegrass Digital,272 1671-1966,Cape Town,,,SA,27,Mobile App Development, Mobile App Developers
Company,,,,Binary Mango,073 0576-5518,London,,,UK,44,Mobile App Development, Mobile App Developers
Company,,,,Coherent Solutions,612 279-6262,St. Louis Park,,MN,US,1,Mobile App Development, Mobile App Developers
Company,,,,Alphonic Network Solutions,988 713-3338,Jaipur,,,IN,91,Mobile App Development, Mobile App Developers
Company,,,,Semaphore Mobile,972 679-7165,Plano,,TX,US,1,Mobile App Development, Mobile App Developers
Company,,,,Spire Digital,720 572-1875,Denver,,CO,US,1,Mobile App Development, Mobile App Developers
Company,,,,Technology Rivers,703 444-0505,Reston,,VA,US,1,Mobile App Development, Mobile App Developers
Company,,,,Digital Awesome,509 598-0431,Airway Heights,,WA,US,1,Mobile App Development, Mobile App Developers
Company,,,,K7 Tech,161 242-3599,Beograd,,,RS,381,Mobile App Development, Mobile App Developers
Company,,,,Teravision Technologies,570 31756-9959,Bogotá,,,CO,57,Mobile App Development, Mobile App Developers
Company,,,,Intetics Inc.,239 217-4907,Naples,,FL,US,1,Mobile App Development, Mobile App Developers
Company,,,,AndPlus,508 425-7533,Southborough,,MA,US,1,Mobile App Development, Mobile App Developers
Company,,,,Saffron Tech,888 271-1530,Fairfield,,NJ,US,1,Mobile App Development, Mobile App Developers
Company,,,,Powercode,380 68984-3486,Kyiv,,,UA,380,Mobile App Development, Mobile App Developers
Company,,,,GARPIX,790 2318-9898,Ivanovo,,,RU,7,Mobile App Development, Mobile App Developers
Company,,,,ADK Group,800 385-1751,Boston,,MA,US,1,Mobile App Development, Mobile App Developers
Company,,,,Five Pack Creative,972 200-9120,Frisco,,TX,US,1,Mobile App Development, Mobile App Developers
Company,,,,Michigan Software Labs,616 594-0269,Ada,,MI,US,1,Mobile App Development, Mobile App Developers
Company,,,,iQlance Solutions,647 637-9108,Ahmedabad,,,IN,91,Mobile App Development, Mobile App Developers
Company,,,,Fingent,914 615-9170,White Plains,,NY,US,1,Mobile App Development, Mobile App Developers
Company,,,,PremierSoft,554 73091-1999,Blumenau,,,BR,55,Mobile App Development, Mobile App Developers
Company,,,,Apponward Technologies Pvt. Ltd.,917 53189-0404,Noida,,,IN,91,Mobile App Development, Mobile App Developers
Company,,,,Folio3,408 512-1812,Belmont,,CA,US,1,Mobile App Development, Mobile App Developers
Company,,,,Slingshot,502 272-1123,Louisville,,KY,US,1,Mobile App Development, Mobile App Developers
Company,,,,Appetizer Mobile,212 613-1600,New York,,NY,US,1,Mobile App Development, Mobile App Developers
Company,,,,Vog App Developers,184 4992-2777,Calgary,,,CA,1,Mobile App Development, Mobile App Developers
Company,,,,Guaraná Technologies,647 559-3001,Toronto,,,CA,1,Mobile App Development, Mobile App Developers
Company,,,,DreamSoft4u Healthcare IT Solution,949 340-7490,Elkridge,,MD,US,1,Mobile App Development, Mobile App Developers
Company,,,,Intellectsoft,855 300-4335,Miami,,FL,US,1,Mobile App Development, Mobile App Developers
Company,,,,Appello Software,027 202-5164,Sydney,,,AU,61,Mobile App Development, Mobile App Developers
Company,,,,Goji Labs,213 787-7640,Los Angeles,,CA,US,1,Mobile App Development, Mobile App Developers
Company,,,,AnyforSoft,941 932-8580,Sarasota,,FL,US,1,Mobile App Development, Mobile App Developers
Company,,,,Sidekick Interactive,800 965-1651,Montréal,,,CA,1,Mobile App Development, Mobile App Developers
Company,,,,Hypernova Labs,507 836-5166,Panama City,,,PA,507,Mobile App Development, Mobile App Developers
Company,,,,Solvd Inc.,740 720-0223,Roseville,,CA,US,1,Mobile App Development, Mobile App Developers
Company,,,,Digis,380 63735-1388,Odesa,,,UA,38,Mobile App Development, Mobile App Developers
Company,,,,Geniusee, 512 394-8852,Kyiv,,,UA,380,Mobile App Development, Mobile App Developers
Company,,,,SoluLab,917 924-8355,Los Angeles,,CA,US,1,Mobile App Development, Mobile App Developers
Company,,,,Woodridge Software,720 403-9454,Golden,,CO,US,1,Mobile App Development, Mobile App Developers
Company,,,,Exoft,380 95004-0110,L'viv,,,UA,380,Mobile App Development, Mobile App Developers
Company,,,,Andersen,800 967-7762,New York,,NY,US,1,Mobile App Development, Mobile App Developers
Company,,,,Fgfactory,380 5001-1056,Kharkiv,,,UA,380,Mobile App Development, Mobile App Developers
Company,,,,Flynaut LLC,704 831-8877,Charlotte,,NC,US,1,Mobile App Development, Mobile App Developers
Company,,,,Specno,278 2364-9864,Cape Town,,,SA,27,Mobile App Development, Mobile App Developers
Company,,,,Digiruu,203 195-4456,London,,,UK,44,Mobile App Development, Mobile App Developers
Company,,,,Skelia,352 2020-2140,L'viv,,,UA,380,Mobile App Development, Mobile App Developers
Company,,,,Devetry,720 580-1192,Denver,,CO,US,1,Mobile App Development, Mobile App Developers
Company,,,,Addevice,374 3333-0600,Yerevan,,,LT,374,Mobile App Development, Mobile App Developers
Company,,,,MobileFolk,416 455-2688,Toronto,,,CA,1,Mobile App Development, Mobile App Developers
Company,,,,CodesOrbit,923 31557-8691,Islamabad,,,PK,92,Mobile App Development, Mobile App Developers
Company,,,,Agency04,598 998-1532,Zagreb,,,HR,38,Mobile App Development, Mobile App Developers
Company,,,,Puzzle,549 341377-7977,Rosario,,,AR,54,Mobile App Development, Mobile App Developers
Company,,,,Axmit,372 712-1219,Tallinn,,,EE,372,Mobile App Development, Mobile App Developers
Company,,,,InApp,650 433-6070,Thiruvananthapuram,,,IN,91,Mobile App Development, Mobile App Developers
Company,,,,Launchcode,180 0805-0195,Calgary,,,CA,1,Mobile App Development, Mobile App Developers
Company,,,,Savas Labs,919 432-4660,Durham,,NC,US,1,Mobile App Development, Mobile App Developers
Company,,,,XOOR Inc.,549 223506-6274,Mar del Plata,,,AR,54,Mobile App Development, Mobile App Developers
Company,,,,HyperSense Software,407 2684-8490,Bucure?ti,,,RO,40,Mobile App Development, Mobile App Developers
Company,,,,TheAppLabb,141 6745-3164,Toronto,,,CA,1,Mobile App Development, Mobile App Developers
Company,,,,SEP,317 843-1640,Carmel,,IN,US,1,Mobile App Development, Mobile App Developers
Company,,,,Smartbox Media,866 210-9900,McAllan,,TX,US,1,Mobile App Development, Mobile App Developers
Company,,,,SoftwareHut,486 9342-0078,Bia?ystok,,,PL,48,Mobile App Development, Mobile App Developers
Company,,,,Codesmith Development,678 852-9718,Atlanta,,GA,US,1,Mobile App Development, Mobile App Developers
Company,,,,Rocket Insights,925 854-1970,Boston,,MA,US,1,Mobile App Development, Mobile App Developers
Company,,,,Softermii,424 533-5520,Studio City,,CA,US,1,Mobile App Development, Mobile App Developers
Company,,,,Groove Jones,214 749-0094,Dallas,,TX,US,1,Mobile App Development, Mobile App Developers
Company,,,,Mobcoder,120 6295-9310,Seattle,,WA,US,1,Mobile App Development, Mobile App Developers
Company,,,,MentorMate,612 823-4000,Minneapolis,,MN,US,1,Mobile App Development, Mobile App Developers
Company,,,,DCSL GuideSmiths,442 03096-6199,London,,,UK,44,Mobile App Development, Mobile App Developers
Company,,,,Ingenia Agency,525 52270-1242,Ciudad de México,,,MX,52,Mobile App Development, Mobile App Developers
Company,,,,Bixlabs,128 1786-9957,Montevideo,,,UY,598,Mobile App Development, Mobile App Developers
Company,,,,Instil Software,028 9027-8498,Belfast,,,UK,44,Mobile App Development, Mobile App Developers
Company,,,,KDG,610 465-1770,Allentown,,PA,US,1,Mobile App Development, Mobile App Developers
Company,,,,Scopic,855 717-5586,Rutland,,MA,US,1,Mobile App Development, Mobile App Developers
Company,,,,MobileCoderz Technologies Pvt Ltd,956 052-6664,Noida,,,IN,91,Mobile App Development, Mobile App Developers
Company,,,,LaunchPad Lab,312 888-9651,Chicago,,IL,US,1,Mobile App Development, Mobile App Developers
Company,,,,Untitled Kingdom,485 1319-2333,Kraków,,,PL,48,Mobile App Development, Mobile App Developers
Company,,,,Attract Group,951 289-0007,Odesa,,,UA,380,Mobile App Development, Mobile App Developers
Company,,,,ITCraftship,486 0095-8970,Warszawa,,,PL,48,Mobile App Development, Mobile App Developers
Company,,,,Kultprosvet,380 67627-4300,Dnipropetrovs'k,,,UA,380,Mobile App Development, Mobile App Developers
Company,,,,App Sapiens,441 17456-6433,Bristol,,,UK,44,Mobile App Development, Mobile App Developers
Company,,,,Toptal,888 604-3188,San Francisco,,CA,US,1,Mobile App Development, Mobile App Developers
Company,,,,Sneakers Apps,646 396-5193,New York,,NY,US,1,Mobile App Development, Mobile App Developers
Company,,,,Q agency,385 1481-6175,Zagreb,,,HR,385,Mobile App Development, Mobile App Developers
Company,,,,Adamo Digital,849 1132-6368,Hanoi,,,VT,84,Mobile App Development, Mobile App Developers
Company,,,,glueglue,390 3822-6521,Pavia,,,IT,1,Mobile App Development, Mobile App Developers
Company,,,,ImpiCode,482 2509-6347,Warszawa,,,PL,48,Mobile App Development, Mobile App Developers
Company,,,,Azul Arc,404 477-1605,Atlanta,,GA,US,1,Mobile App Development, Mobile App Developers
Company,,,,Systango,125 3547-777,London,,,UK,44,Mobile App Development, Mobile App Developers
Company,,,,Code & Pepper,208 089-6950,London,,,UK,44,Mobile App Development, Mobile App Developers
Company,,,,CoreLine,385 98919-7815,Zagreb,,,HR,385,Mobile App Development, Mobile App Developers
Company,,,,N7 Mobile,485 3554-6656,Warszawa,,,PL,48,Mobile App Development, Mobile App Developers
Company,,,,Concise Software,481 7865-4005,Berlin,,,DE,49,Mobile App Development, Mobile App Developers
Company,,,,STX Next,485 1291-4236,Pozna?,,,PL,48,Mobile App Development, Mobile App Developers
Company,,,,Binariks,380 63717-2053,L'viv,,,UA,380,Mobile App Development, Mobile App Developers
Company,,,,Orases,301 756-5527,Frederick,,MD,US,1,Mobile App Development, Mobile App Developers
Company,,,,Kmphitech LLP,919 02951-8214,Surat,,,IN,91,Mobile App Development, Mobile App Developers
Company,,,,3Brain Technologies,918 86613-3870,Ahmedabad,,,IN,91,Mobile App Development, Mobile App Developers
Company,,,,Heveloon ltd,447 37716-8986,London,,,UK,44,Mobile App Development, Mobile App Developers
Company,,,,Dev Centre House,353 1531-4791,Dublin,,,IRL,353,Mobile App Development, Mobile App Developers
Company,,,,Think Tree Studios,888 838-8432,Denver,,CO,US,1,Mobile App Development, Mobile App Developers
Company,,,,Applover,487 2222-6022,Wroc?aw,,,PL,48,Mobile App Development, Mobile App Developers
Company,,,,Clock Limited,441 92326-1166,Sarratt,,,UK,44,Mobile App Development, Mobile App Developers
Company,,,,Sloboda Studio,380 99759-6995,Kharkiv,,,UA,380,Mobile App Development, Mobile App Developers
Company,,,,Cultivate,312 994-2404,Chicago,,IL,US,1,Mobile App Development, Mobile App Developers
Company,,,,Itexus,312 874-7160,Buffalo Grove,,IL,US,1,Mobile App Development, Mobile App Developers
Company,,,,Raccoopack Media,778 244-8630,Burnaby,,,CA,1,Mobile App Development, Mobile App Developers
Company,,,,Crest Coder,918 14122-2241,Ahmedabad,,,IN,91,Mobile App Development, Mobile App Developers
Company,,,,Pharaoh Soft,202 2181-3211,Cairo,,,EG,20,Mobile App Development, Mobile App Developers
Company,,,,Professional Soft-Tech,413  529-4901,Rajkot,,,IN,91,Mobile App Development, Mobile App Developers
Company,,,,Exposit,497 112184-3182,Hrodna,,,BY,375,Mobile App Development, Mobile App Developers
Company,,,,Greelow,786 753-8081,CABA,,,AR,54,Mobile App Development, Mobile App Developers
Company,,,,Wildebeest,424 645-7552,Marina del Rey,,CA,US,1,Mobile App Development, Mobile App Developers
Company,,,,Around25,407 7025-0250,Cluj-Napoca,,,RO,40,Mobile App Development, Mobile App Developers
Company,,,,Inflection Point,443 255-8527,Columbia,,MD,US,1,Mobile App Development, Mobile App Developers
Company,,,,Merixstudio,485 7000-1928,Pozna?,,,PL,48,Mobile App Development, Mobile App Developers
Company,,,,United Ideas,486 0013-0130,Warszawa,,,PL,1,Mobile App Development, Mobile App Developers
Company,,,,Codestore Technologies,917 83880-0475,Noida,,,IN,91,Mobile App Development, Mobile App Developers
Company,,,,Yalantis,,Dnipropetrovs'k,,,UA,380,Mobile App Development, Mobile App Developers
Company,,,,Bornfight,385 1333-3710,Zagreb,,,HR,385,Mobile App Development, Mobile App Developers
Company,,,,Concepta,407 720-4711,Windermere,,FL,US,1,Mobile App Development, Mobile App Developers
Company,,,,Fulcrum,380 97461-5857,Kyiv,,,UA,380,Mobile App Development, Mobile App Developers
Company,,,,Plank,514 875-0003,Montréal,,,CA,1,Mobile App Development, Mobile App Developers
Company,,,,404 // Software crafters,549 115050-5627,Campo Salles,,,AR,54,Mobile App Development, Mobile App Developers
Company,,,,Vertical Motion,888 815-4365,Calgary,,,CA,1,Mobile App Development, Mobile App Developers
Company,,,,L+R,374 709-2428,Brooklyn,,NY,US,1,Mobile App Development, Mobile App Developers
Company,,,,Ingenious App Studios,074 9008-8909,London,,,UK,44,Mobile App Development, Mobile App Developers
Company,,,,eLuminous Technologies Pvt Ltd,918 20822-2939,Nashik,,,IN,91,Mobile App Development, Mobile App Developers
Company,,,,Digital Natives,363 0208-5625,Budapest,,,HU,1,Mobile App Development, Mobile App Developers
Company,,,,Simform,321 237-2727,Orlando,,FL,FL,1,Mobile App Development, Mobile App Developers
Company,,,,Systematix Infotech,713 701-5311,Charlotte,,NC,US,1,Mobile App Development, Mobile App Developers
Company,,,,DOOR3,646 351-0012,New York,,NY,US,1,Mobile App Development, Mobile App Developers
Company,,,,Softnauts,487 9505-0503,Kraków,,,PL,48,Mobile App Development, Mobile App Developers
Company,,,,ENO8,844 499-3668,Plano,,TX,US,1,Mobile App Development, Mobile App Developers
Company,,,,NEXT/NOW,312 945-6222,Chicago,,IL,US,1,Mobile App Development, Mobile App Developers
Company,,,,ZOONDIA,910 471401-7676,Thiruvananthapuram,,,IN,91,Mobile App Development, Mobile App Developers
Company,,,,JetRuby Agency,162 8251-1067,L'viv,,,UA,380,Mobile App Development, Mobile App Developers
Company,,,,Frogslayer,979 900-3023,College Station,,TX,US,1,Mobile App Development, Mobile App Developers
Company,,,,TechNerds Inc.,973 979-7686,Miami Beach,,FL,US,1,Mobile App Development, Mobile App Developers
Company,,,,Ingsoftware,381 60077-7888,Niš,,,RS,381,Mobile App Development, Mobile App Developers
Company,,,,Báchoo,068 304-3245,El Segundo,,CA,US,1,Mobile App Development, Mobile App Developers
Company,,,,Dreamztech Solutions,800 893-2964,Tempe,,AZ,US,1,Mobile App Development, Mobile App Developers
Company,,,,Artkai,380 98192-9197,Kyiv,,,UA,380,Mobile App Development, Mobile App Developers
Company,,,,Pepper Square Inc.,972 836-9279,San Francisco,,CA,US,1,Mobile App Development, Mobile App Developers
Company,,,,SF AppWorks,408 888-5464,San Francisco,,CA,US,1,Mobile App Development, Mobile App Developers
Company,,,,Tivix,415 680-1299,San Francisco,,CA,US,1,Mobile App Development, Mobile App Developers
Company,,,,10Clouds,4857 590-9903,Warszawa,,,PL,48,Mobile App Development, Mobile App Developers
Company,,,,Tooploox,487 3388-8088,Wroc?aw,,,PL,48,Mobile App Development, Mobile App Developers
Company,,,,AddWeb Solution,903 317-7471,Ahmedabad,,,IN,91,Mobile App Development, Mobile App Developers
Company,,,,Loadsys Solutions,708 873-1750,Chicago,,IL,US,1,Mobile App Development, Mobile App Developers
Company,,,,Deventure,407 4838-7147,Dublin,,,IRL,353,Mobile App Development, Mobile App Developers
Company,,,,Tekton Labs,650 267-4703,Mountain View,,CA,US,1,Mobile App Development, Mobile App Developers
Company,,,,SingleMind,503 342-8270,Lake Oswego,,OR,US,1,Mobile App Development, Mobile App Developers
Company,,,,Galaxy Weblinks,888 666-4316,Boston,,MA,US,1,Mobile App Development, Mobile App Developers
Company,,,,ActiveLogic Labs,913 544-2302,Overland Park,,KS,US,1,Mobile App Development, Mobile App Developers
Company,,,,AE Studio,424 231-4394,Los Angeles,,CA,US,1,Mobile App Development, Mobile App Developers
Company,,,,S-PRO,888 208-0054,Kyiv,,,UK,44,Mobile App Development, Mobile App Developers
Company,,,,Paper Leaf,780 633-0415,Edmonton,,,CA,1,Mobile App Development, Mobile App Developers
Company,,,,Old.St Labs,442 03974-1953,London,,,UK,44,Mobile App Development, Mobile App Developers
Company,,,,itexico,855 501-0100,Austin,,TX,US,1,Mobile App Development, Mobile App Developers
Company,,,,Roweb Development,034 840-1040,Bucure?ti,,,RO,40,Mobile App Development, Mobile App Developers
Company,,,,Susco Solutions,504 264-9343,Metairie,,LA,US,1,Mobile App Development, Mobile App Developers
Company,,,,DevelopmentNow,800 387-0849,Portland,,OR,US,1,Mobile App Development, Mobile App Developers
Company,,,,Parrolabs,617 606-5969,Medellín,,,CO,57,Mobile App Development, Mobile App Developers
Company,,,,WebGuru Infosystems Pvt. Ltd.,842 019-7208,Kolkata,,,IN,91,Mobile App Development, Mobile App Developers
Company,,,,Dinarys GmbH,305 201-5157,Berlin,,,DE,49,Mobile App Development, Mobile App Developers
Company,,,,CHI Software,380 5077-6853,Kharkiv,,,DE,49,Mobile App Development, Mobile App Developers
Company,,,,UruIT,310 409-2021,Los Angeles,,CA,US,1,Mobile App Development, Mobile App Developers
Company,,,,Twin Sun,615 873-0035,Nashville,,TN,US,1,Mobile App Development, Mobile App Developers
Company,,,,Rootstack,507 209-9002,Panamá,,,PA,507,Mobile App Development, Mobile App Developers
Company,,,,"TRIARE, LLC",309 3768-5969,Fairfax,,VA,US,1,Mobile App Development, Mobile App Developers
Company,,,,Deligence Technologies Pvt. Ltd.,991 013-0340,New Delhi,,,IN,91,Mobile App Development, Mobile App Developers
Company,,,,ITM House,833 486-3387,Toronto,,,CA,1,Mobile App Development, Mobile App Developers
Company,,,,Quantum Mob,647 983-6622,Toronto,,,CA,1,Mobile App Development, Mobile App Developers
Company,,,,Arcade Dev House,130 019-7382,Alexandria,,,AU,1,Mobile App Development, Mobile App Developers
Company,,,,KeenEthics,380 94710-6105,L'viv,,,UA,380,Mobile App Development, Mobile App Developers
Company,,,,Cinnamon,385 99347-3103,Zagreb,,,HR,385,Mobile App Development, Mobile App Developers
Company,,,,ManekTech,918 51142-8441,Ahmedabad,,,IN,91,Mobile App Development, Mobile App Developers
Company,,,,AllianceTek,484 892-5713,Malvern,,PA,US,1,Mobile App Development, Mobile App Developers
Company,,,,Brainhub,791 70-7758,Gliwice,,,PL,48,Mobile App Development, Mobile App Developers
Company,,,,eTeam,213 839-8500,San Francisco,,CA,US,1,Mobile App Development, Mobile App Developers
Company,,,,Espresso Moon,281 257-4443,Houston,,TX,US,1,Mobile App Development, Mobile App Developers
Company,,,,Ahex Technologies,888 556-4224,Hyderabad,,,IN,1,Mobile App Development, Mobile App Developers
Company,,,,KeenEthics,380 94710 -6105,L'viv,,,UA,380,Mobile App Development, Mobile App Developers
Company,,,,Cinnamon,385 99347-3103,Zagreb,,,HR,385,Mobile App Development, Mobile App Developers
Company,,,,Borne Digital,440 207112-8645,London,,,UK,44,Mobile App Development, Mobile App Developers
Company,,,,Vault Innovation,773 573-8069,Chicago,,IL,US,1,Mobile App Development, Mobile App Developers
Company,,,,Belitsoft,917 410-5757,Minsk,,,BY,375,Mobile App Development, Mobile App Developers
Company,,,,KRUTSCH,612 605-7549,Minneapolis,,MN,US,1,Mobile App Development, Mobile App Developers
Company,,,,Tremend Software Consulting,402 1223-7700,Bucure?ti,,,RO,40,Mobile App Development, Mobile App Developers
Company,,,,Tyrannosaurus Tech,770 282-9628,Atlanta,,GA,US,1,Mobile App Development, Mobile App Developers
Company,,,,Ehecatl,552 29935-3278,Boca del Río,,,MX,52,Mobile App Development, Mobile App Developers
Company,,,,Maxiom Technology,833 629-2777,Ashburn,,VA,US,1,Mobile App Development, Mobile App Developers
Company,,,,Eton Digital,203 733-8109,Kensington,,,UK,44,Mobile App Development, Mobile App Developers
Company,,,,Cogniteq,370 5 259-5508,Vilnius,,,LT,370,Mobile App Development, Mobile App Developers
Company,,,,Codebay,951 339-3326,Corona,,CA,US,1,Mobile App Development, Mobile App Developers
Company,,,,Flux IT,011 5272-6390,Gonnet,,,AR,54,Mobile App Development, Mobile App Developers
Company,,,,Snappymob,603 2856-2229,Kuala Lumpur,,,MY,60,Mobile App Development, Mobile App Developers
Company,,,,Lunar Logic,485 0869-4400,Kraków,,,PL,48,Mobile App Development, Mobile App Developers
Company,,,,Foxbox Digital,312 416-9997,Chicago,,IL,US,1,Mobile App Development, Mobile App Developers
Company,,,,Foreignerds INC.,201 381-5152,Newark,,DE,US,1,Mobile App Development, Mobile App Developers
Company,,,,Enkonix,164 6980-4815,Naarden,,,NL,31,Mobile App Development, Mobile App Developers
Company,,,,Nybble Group,786 796-7820,Miami,,FL,US,1,Mobile App Development, Mobile App Developers
Company,,,,designs.codes,919 16355-9136,Kolkata,,,IN,91,Mobile App Development, Mobile App Developers
Company,,,,Perpetual,212 904-1497,New York,,NY,US,1,Mobile App Development, Mobile App Developers
Company,,,,Spiria,514 900-5076,Montréal,,,CA,1,Mobile App Development, Mobile App Developers
Company,,,,BusyMachines,312 0308-5107,Amsterdam,,,NL,31,Mobile App Development, Mobile App Developers
Company,,,,Mantrax Solutions,905 267-8593,Mississauga,,,CA,1,Mobile App Development, Mobile App Developers
Company,,,,Pixelmatters,351 91008-4748,Porto,,,PT,35,Mobile App Development, Mobile App Developers
Company,,,,Mango Projects Inc.,604 328-8248,Surrey,,,CA,1,Mobile App Development, Mobile App Developers
Company,,,,Digital Scientists,404 654-3855,Alpharetta,,GA,US,1,Mobile App Development, Mobile App Developers
Company,,,,Yellow,141 5670-9070,San Francisco,,CA,US,1,Mobile App Development, Mobile App Developers
Company,,,,Future Platforms,207 221-4529,London,,,UK,44,Mobile App Development, Mobile App Developers
Company,,,,Tallium Inc.,403 879-9495,Kyiv,,,UA,380,Mobile App Development, Mobile App Developers
Company,,,,Auxesis Infotech Pvt. Ltd.,919 91187-0050,Texas,,TX,US,1,Mobile App Development, Mobile App Developers
Company,,,,Antier Solutions,981 521-8699,Sahibzada Ajit Singh Nagar,,,IN,1,Mobile App Development, Mobile App Developers
Company,,,,HyperTrends Global Inc.,800 626-3503,San Diego,,CA,US,1,Mobile App Development, Mobile App Developers
Company,,,,Iflexion,720 207-0369,Denver,,CO,US,1,Mobile App Development, Mobile App Developers
Company,,,,NETVOR,420 77726-0942,Prague,,CZ,US,1,Mobile App Development, Mobile App Developers
Company,,,,Simplex Software,549 113893-2590,CMK,,,AR,54,Mobile App Development, Mobile App Developers
Company,,,,Compoze Labs,952 23-25103,Minneapolis,,MN,US,1,Mobile App Development, Mobile App Developers
Company,,,,Codetribe,381 62851-5917,Novi Sad,,,RS,381,Mobile App Development, Mobile App Developers
Company,,,,LookFar Labs,504 315-3150,New Orleans,,LA,US,1,Mobile App Development, Mobile App Developers
Company,,,,Sombra,380 97275-0055,Lviv,,,UA,380,Mobile App Development, Mobile App Developers
Company,,,,LookFar Labs,504 315-3150,New Orleans,, LA,US,1,Mobile App Development, Mobile App Developers
Company,,,,Arcanys,639 17634-9110,Cebu City,,,PH,63,Mobile App Development, Mobile App Developers
Company,,,,Agency Partner Interactive LLC,214 295-5845,Plano,,TX,US,1,Mobile App Development, Mobile App Developers
Company,,,,Laughing Samurai,407 982-4350,Orlando,,FL,US,1,Mobile App Development, Mobile App Developers
Company,,,,MojoTech,855 665-6832,Providence,,RI,US,1,Mobile App Development, Mobile App Developers
Company,,,,Xminds Infotech,914 71247-7556,Thiruvananthapuram,,,IN,91,Mobile App Development, Mobile App Developers
Company,,,,AirDev,415 704-7261,San Francisco,,CA,US,1,Mobile App Development, Mobile App Developers
Company,,,,Volare Systems,303 532-5838,Littleton,,CO,US,1,Mobile App Development, Mobile App Developers
Company,,,,Sophilabs,718 395-7760,Brooklyn,,NY,US,1,Mobile App Development, Mobile App Developers
Company,,,,Crombie,424 521-4369,FQC,,,AR,54,Mobile App Development, Mobile App Developers
Company,,,,WorkingMouse,073 606-0230,Milton,,,AU,61,Mobile App Development, Mobile App Developers
Company,,,,Appiskey,407 545-4527,Orlando,,FL,US,1,Mobile App Development, Mobile App Developers
Company,,,,AppDrawn Software Development,014 4221-1999,Watford,,,UK,44,Mobile App Development, Mobile App Developers
Company,,,,ConsultingWhiz LLC,949 656-9676,Aliso Viejo,,CA,US,1,Mobile App Development, Mobile App Developers
Company,,,,merce.com, 797 67-9201,Gliwice,,,UK,48,Mobile App Development, Mobile App Developers
Company,,,,AVAMAE Software Solutions Ltd,020 7509-6992,London,,,UK,44,Mobile App Development, Mobile App Developers
Company,,,,Naturaily,730 77-6007,Mtoag Technologies,,,UK,48,Mobile App Development, Mobile App Developers
Company,,,,Mtoag Technologies,856 272-1112,Staten Island,,NY,US,1,Mobile App Development, Mobile App Developers
Company,,,,Angry Nerds,486 0315-1333,Wroc?aw,,,PL,48,Mobile App Development, Mobile App Developers
Company,,,,StartupCraft Inc,593 2232,Miami,,FL,US,1,Mobile App Development, Mobile App Developers
Company,,,,Apptension,745 891-2312,Pozna?,,,UK,44,Mobile App Development, Mobile App Developers
Company,,,,Smart IT,408 641-3300,San Francisco,,CA,US,1,Mobile App Development, Mobile App Developers
Company,,,,TowerHouse Studio,917 231-2775,Montevideo,,,UY,598,Mobile App Development, Mobile App Developers
Company,,,,OrangeLoops,617 963-0153,Boston,,MA,US,1,Mobile App Development, Mobile App Developers
Company,,,,RoleModel Software,919 557-7550,Holly Springs,,NC,US,1,Mobile App Development, Mobile App Developers
Company,,,,COAX Software,773 644-8871,Wheeling,,IL,US,1,Mobile App Development, Mobile App Developers
Company,,,,P2H Inc,888 724-9414,San Francisco,,CA,US,1,Mobile App Development, Mobile App Developers
Company,,,,Butterfly,039 009-9601,Melbourne,,,AU,61,Mobile App Development, Mobile App Developers
Company,,,,Scio,151 2538-0512,Austin,,TX,US,1,Mobile App Development, Mobile App Developers
Company,,,,Eden Agency,014 2359-3016,Harrogate,,,UK,44,Mobile App Development, Mobile App Developers
Company,,,,Troy Web Consulting,518 326-3798,Troy,,NY,US,1,Mobile App Development, Mobile App Developers
Company,,,,Radixweb,646 801-6885,Artesia,,CA,US,1,Mobile App Development, Mobile App Developers
Company,,,,Incepteo,203 807-4086,London,,,UK,44,Mobile App Development, Mobile App Developers
Company,,,,UppLabs LLC,380 68785-6878,Kyiv,,,UA,380,Mobile App Development, Mobile App Developers
Company,,,,ISHIR,888-994-7447,Plano,,TX,US,1,Mobile App Development, Mobile App Developers
Company,,,,Webdura Technologies,098 4608-4773,Kochi,,,US,1,Mobile App Development, Mobile App Developers
Company,,,,Railsware,646 397-4918,Danbury,,CT,US,1,Mobile App Development, Mobile App Developers
Company,,,,SEM Nexus,516 983-7771,New York,,NY,US,1,Mobile App Development, Mobile App Developers
Company,,,,Techuz,919 72452-2770,Ahmedabad,,,IN,91,Mobile App Development, Mobile App Developers
Company,,,,Expedition Co.,424 327-2828,Rancho Palos Verdes,,CA,US,1,Mobile App Development, Mobile App Developers
Company,,,,The Gnar Company,617 202-2222,Boston,,MA,US,1,Mobile App Development, Mobile App Developers
Company,,,,Fortnight,075 0322-0908,Manchester,,,UK,44,Mobile App Development, Mobile App Developers
Company,,,,noformat,121 2634-9104,New York,,NY,US,1,Mobile App Development, Mobile App Developers
Company,,,,Neologic Software,773 592-3430,Northbrook,,IL,US,1,Mobile App Development, Mobile App Developers
Company,,,,Effectus Software,832 460-4149,Montevideo,,,UY ,598,Mobile App Development, Mobile App Developers
Company,,,,eagerworks,598 2400-0570,Montevideo,,,UY,598,Mobile App Development, Mobile App Developers
Company,,,,Vakoms,929 999-5755,L'viv,,,UA,380,Mobile App Development, Mobile App Developers
Company,,,,Digitalya OPS,407 2621-6174,Ia?i,,,RO,40,Mobile App Development, Mobile App Developers
Company,,,,The Smyth Group,225 910-7789,Vista,,CA,US,1,Mobile App Development, Mobile App Developers
Company,,,,SPEC INDIA,079 2640-4031,Ahmedabad,,,IN,91,Mobile App Development, Mobile App Developers
Company,,,,TeaCode.io,485 0513-1897,Warszawa,,,PL,48,Mobile App Development, Mobile App Developers
Company,,,,inVerita,380 93400-8417,L'viv,,,UA,380,Mobile App Development, Mobile App Developers
Company,,,,Mobomo,888 676-1049,Vienna,,VA,US,1,Mobile App Development, Mobile App Developers
Company,,,,DICEUS,380 95270-2657,Kyiv,,,UA,380,Mobile App Development, Mobile App Developers
Company,,,,Unique Software Development,214 636-7723,Dallas,,TX,US,1,Mobile App Development, Mobile App Developers
Company,,,,APRO Software,375 29329-9632,Minsk,,,BY,375,Mobile App Development, Mobile App Developers
Company,,,,Ultimate Web Designs Limited,021 79-1234,Auckland,,,NZ,64,Mobile App Development, Mobile App Developers
Company,,,,Inventive Works,866500-2706,Manor,,TX,US,1,Mobile App Development, Mobile App Developers
Company,,,,Innovation Feel,475 655-4447,New York,,NY,US,1,Mobile App Development, Mobile App Developers
Company,,,,Novateus,225 308-6960,Baton Rouge,,LA,US,1,Mobile App Development, Mobile App Developers
Company,,,,Wyrmix,972 467-3156,Farmers Branch,,TX,US,1,Mobile App Development, Mobile App Developers
Company,,,,Glorium Technologies,888 354-0883,Princeton,,NJ,US,1,Mobile App Development, Mobile App Developers
Company,,,,Etheric,420 77783-7569,Kuusalu vald,,,EE,372,Mobile App Development, Mobile App Developers
Company,,,,WestonDev,954 546-0755,Miami,,FL,US,1,Mobile App Development, Mobile App Developers
Company,,,,"Diverse Programmers, LLC",303 800-1808,Denver,,CO,US,1,Mobile App Development, Mobile App Developers
Company,,,,Headspring,877 459-2260,Austin,,TX,US,1,Mobile App Development, Mobile App Developers
Company,,,,Ripe Media,323 882-6874,Los Angeles,,CA,US,1,Mobile App Development, Mobile App Developers
Company,,,,Demigos,380 96982-1862,Kyiv,,,UA,380,Mobile App Development, Mobile App Developers
Company,,,,Mob Inspire,650 800-3640,Palo Alto,,CA,US,1,Mobile App Development, Mobile App Developers
Company,,,,Twenty Ideas,541 780-0020,Eugene,,OR,US,1,Mobile App Development, Mobile App Developers
Company,,,,Clarika,646 443-6740,New York,,NY,US,1,Mobile App Development, Mobile App Developers
Company,,,,Buildable Custom Software,503 468-4880,McMinnville,,OR,US,1,Mobile App Development, Mobile App Developers
Company,,,,Zfort Group,380 67954-9384,Kharkiv,,,UA,380,Mobile App Development, Mobile App Developers
Company,,,,Mobile Reality,486 0712-6160,Warsaw,,,PL,48,Mobile App Development, Mobile App Developers
Company,,,,3XM Group,543 51483-8185,Córdoba,,,AR,54,Mobile App Development, Mobile App Developers
Company,,,,Synergo Group,647 560-4412,Toronto,,,CA,1,Mobile App Development, Mobile App Developers
Company,,,,Emorphis Technologies,408 409-7548,Irvine,,CA,US,1,Mobile App Development, Mobile App Developers
Company,,,,JetRockets,646 598-6452,Brooklyn,,NY,US,1,Mobile App Development, Mobile App Developers
Company,,,,HTD Health,608 695-9170,Brooklyn,,NY,US,1,Mobile App Development, Mobile App Developers
Company,,,,Custom D,039 28-2567,Christchurch,,,NZ,64,Mobile App Development, Mobile App Developers
Company,,,,NaNLABS,549 221603-6556,La Plata,,,AR,54,Mobile App Development, Mobile App Developers
Company,,,,Devsu,407 807-0664,Orlando,,FL,US,1,Mobile App Development, Mobile App Developers
Company,,,,MTR Design,359 89918-1044,Sofia,,,BG,359,Mobile App Development, Mobile App Developers
Company,,,,iRonin.IT,482 23978-866,Warszawa,,,PL,48,Mobile App Development, Mobile App Developers
Company,,,,Think it First,610 902-0000,Wayne ,,PA,US,1,Mobile App Development, Mobile App Developers
Company,,,,Devima Solutions,380 66774-3409,L'viv,,,UA,38,Mobile App Development, Mobile App Developers
Company,,,,"SharpQuest, Inc.",248 268-2592,Troy,,MI,US,1,Mobile App Development, Mobile App Developers
Company,,,,Emphasoft,724 268-0777,Sankt-Peterburg,,,RU,7,Mobile App Development, Mobile App Developers
Company,,,,Squash Apps Private Limited,919 50088-9800,Coimbatore,,,IN,91,Mobile App Development, Mobile App Developers
Company,,,,8base Labs,415 842-2048,Miami,,FL,US,1,Mobile App Development, Mobile App Developers
Company,,,,AccelOne,800 863-6814,Kirkland,,WA,US,1,Mobile App Development, Mobile App Developers
Company,,,,"maeBe co., Ltd",815 5941-5821,Shimizu,,,JP,81,Mobile App Development, Mobile App Developers
Company,,,,Qburst,914 71653-7510,Thiruvananthapuram,,,IN,91,Mobile App Development, Mobile App Developers
Company,,,,OneClick IT Consultancy Pvt. Ltd.,919 86004-1140,Ahmedabad,,,IN,91,Mobile App Development, Mobile App Developers
Company,,,,CISIN,408 442-8018,San Jose,,CA,US,1,Mobile App Development, Mobile App Developers
Company,,,,Parthenon Software Group,503 247-2447,Portland,,OR,US,1,Mobile App Development, Mobile App Developers
Company,,,,Arateg,447 44096-3081,Minsk,,,BY,375,Mobile App Development, Mobile App Developers
Company,,,,Unico Connect,919 92017-5408,Mumbai,,,IN,91,Mobile App Development, Mobile App Developers
Company,,,,Sunlight Media LLC,323 868-3581,Los Angeles,,CA,US,1,Mobile App Development, Mobile App Developers
Company,,,,Octobot,598 2406-8077,Montevideo,,,UY,598,Mobile App Development, Mobile App Developers
Company,,,,Softedge Technologies,598 9922-9685,Montevideo,,,UY,598,Mobile App Development, Mobile App Developers
Company,,,,Digital Mettle,919 877-7977,Raleigh,,NC,US,1,Mobile App Development, Mobile App Developers
Company,,,,Blank Space Digital,866 508-1440,Toronto,,,CA,1,Mobile App Development, Mobile App Developers
Company,,,,aTeam Soft Solutions,408 669-9001,Sheridan,,WY,US,1,Mobile App Development, Mobile App Developers
Company,,,,Ragnarson,491 517262-2746,?ód?,,,PL,48,Mobile App Development, Mobile App Developers
Company,,,,WillDom,415 692-5508,Fort Lauderdale,,FL,US,1,Mobile App Development, Mobile App Developers
Company,,,,Mind IT Systems,987 135-2101,New Delhi,,,IN,91,Mobile App Development, Mobile App Developers
Company,,,,Neon Rain Interactive,303 957-3092,Denver,,CO,US,1,Mobile App Development, Mobile App Developers
Company,,,,NeoITO,916 23852-4482,Thiruvananthapuram,,,IN,91,Mobile App Development, Mobile App Developers
Company,,,,Branded,972 50443-0644,Tel Aviv-Yafo,,,IL,972,Mobile App Development, Mobile App Developers
Company,,,,Sotechnology,441 908 41-0707,Cranfield,,,UK,44,Mobile App Development, Mobile App Developers
Company,,,,Hatimeria,487 9838-2748,Kraków,,,PL,48,Mobile App Development, Mobile App Developers
Company,,,,Lunarbyte.io,509 305-5924,Seattle,,WA,US,1,Mobile App Development, Mobile App Developers
Company,,,,Cubicfox,067 0394-9766,Pécs,,,HU,36,Mobile App Development, Mobile App Developers
Company,,,,Mood Up Team,486 1611-3876,Pozna?,,,PL,48,Mobile App Development, Mobile App Developers
Company,,,,WeGotCode.com,470 228-0675,Canton,,GA,US,1,Mobile App Development, Mobile App Developers
Company,,,,Square63,415 343-5403,Dublin,,CA,US,1,Mobile App Development, Mobile App Developers
Company,,,,AltSource Software,503 235-3316,Portland,,OR,US,1,Mobile App Development, Mobile App Developers
Company,,,,Solwey Consulting,737 618-6183,Austin,,TX,US,1,Mobile App Development, Mobile App Developers
Company,,,,Tesuji,530 301-9858,Nevada City,,CA,US,1,Mobile App Development, Mobile App Developers
Company,,,,W3care Technologies Pvt. Ltd.,140 8757-0455,Seattle,,WA,US,1,Mobile App Development, Mobile App Developers
Company,,,,Code Labs,311 898-6117,Bogotá,,,CO,57,Mobile App Development, Mobile App Developers
Company,,,,Neurony,407 3069-4193,Bucure?ti,,,RO,40,Mobile App Development, Mobile App Developers
Company,,,,Zgraya Digital,380 67215-9252,Kyiv,,,UA,380,Mobile App Development, Mobile App Developers
Company,,,,KODA Kollectiv,630 3241-4624,Mandaue City,,,PH,63,Mobile App Development, Mobile App Developers
Company,,,,OSSystem,380 50219-7909,Illichivs'k,,,UA,380,Mobile App Development, Mobile App Developers
Company,,,,ARCH,019 1432-8092,Gateshead,,,UK,44,Mobile App Development, Mobile App Developers
Company,,,,C7 Creative,904 395-1944,Jacksonville,,FL,US,1,Mobile App Development, Mobile App Developers
Company,,,,Polcode,482 2188-1506,Warszawa,,,PL,48,Mobile App Development, Mobile App Developers
Company,,,,Ivejas,370 6953-8474,Vilnius,,,LT,370,Mobile App Development, Mobile App Developers
Company,,,,Reckonsys,080 6135-6100,Bengaluru,,,IN,91,Mobile App Development, Mobile App Developers
Company,,,,FXBITS,407 5201-1004,Cluj-Napoca,,,RO,40,Mobile App Development, Mobile App Developers
Company,,,,codelabs.rocks,797 67-9123,Opole,,,PL,48,Mobile App Development, Mobile App Developers
Company,,,,Indeema Software,380 93022-9123,L'viv,,,UA,380,Mobile App Development, Mobile App Developers
Company,,,,Vokal,312 527-4719,Chicago,,IL,US,1,Mobile App Development, Mobile App Developers
Company,,,,Laracle,020 8016-5891,London,,,UK,44,Mobile App Development, Mobile App Developers
Company,,,,agileful,015 20836-0129,Berlin,,,DE,49,Mobile App Development, Mobile App Developers
Company,,,,Sparkfish,214 295-2418,Addison,,TX,US,1,Mobile App Development, Mobile App Developers
Company,,,,mDevelopers,485 0238-3053,Warszawa,,,PL,48,Mobile App Development, Mobile App Developers
Company,,,,datarockets,647 915-2992,Toronto,,,CA,1,Mobile App Development, Mobile App Developers
Company,,,,Lab3 Apps,642 7714-0246,Christchurch,,,NZ,64,Mobile App Development, Mobile App Developers
Company,,,,DataRoot Labs,380 63885-5724,Kyiv,,,UA,380,Mobile App Development, Mobile App Developers
Company,,,,EX2 Outcoding,800 974-7219,Desamparados,,,CR,506,Mobile App Development, Mobile App Developers
Company,,,,Kanda Software,617 340-3850,Newton,,MA,US,1,Mobile App Development, Mobile App Developers
Company,,,,DKS Systems,612 659-8660,Golden Valley,,MN,US,1,Mobile App Development, Mobile App Developers
Company,,,,Weil & Jones,646 472-7900,New York,,NY,US,1,Mobile App Development, Mobile App Developers
Company,,,,West Agile Labs,415 766-9378,San Francisco,,CA,US,1,Mobile App Development, Mobile App Developers
Company,,,,Radity GmbH,414 4505-1099,Zurich,,CH,US,1,Mobile App Development, Mobile App Developers
Company,,,,Qulix Systems,375 17306-3868,Misnk,,,BY,375,Mobile App Development, Mobile App Developers
Company,,,,Software Things,485 0860-5268,Katowice,,,PL,48,Mobile App Development, Mobile App Developers
Company,,,,OPTASY,416 243-2431,Oakville,,CA,US,1,Mobile App Development, Mobile App Developers
Company,,,,Falcn Lab,225 938-3123,Philadelphia,,PA,US,1,Mobile App Development, Mobile App Developers
Company,,,,Lionix,374 9377-3701,Yerevan,,,AM,374,Mobile App Development, Mobile App Developers
Company,,,,Movadex,380 68206-8989,L'viv,,,UA,380,Mobile App Development, Mobile App Developers
Company,,,,DeepInspire,380 32243-1043,L'viv,,,UA,380,Mobile App Development, Mobile App Developers
Company,,,,Blackburn Labs,401 515-5115,Providence,,RI,US,1,Mobile App Development, Mobile App Developers
Company,,,,MassMedia Group,380 98095-2264,Khmel'nyts'kyi,,,UA,380,Mobile App Development, Mobile App Developers
Company,,,,PreApps,855 445-2280,Boston,,MA,US,1,Mobile App Development, Mobile App Developers
Company,,,,Simublade,281 215-5296,Houston,,TX,US,1,Mobile App Development, Mobile App Developers
Company,,,,GO ONLINE,486 6433-8118,Warszawa,,,PL,48,Mobile App Development, Mobile App Developers
Company,,,,Asahi Technologies,212 717-1812,New York,,NY,US,1,Mobile App Development, Mobile App Developers
Company,,,,Busy Human,138 5283-0381,Orem,,UT,US,1,Mobile App Development, Mobile App Developers
Company,,,,Appstronauts,485 7070-7700,Warszawa,,,PL,48,Mobile App Development, Mobile App Developers
Company,,,,MoonTek,818 876-2450,Los Angeles,,CA,US,1,Mobile App Development, Mobile App Developers
Company,,,,HypeLife Brands,800 936-2170,Oceanside,,CA,US,1,Mobile App Development, Mobile App Developers
Company,,,,TechNeed,607 331-9619,Hopewell,,NJ,US,1,Mobile App Development, Mobile App Developers
Company,,,,Groove Technology,287 109-9982,Ho Chi Minh City,,,VT,84,Mobile App Development, Mobile App Developers
Company,,,,Hustle,208 064-0667,London,,,UK,44,Mobile App Development, Mobile App Developers
Company,,,,Aspire Digital Solutions,203 208-3165,Ridgefield,,CT,US,1,Mobile App Development, Mobile App Developers
Company,,,,SumatoSoft,375 29314-5086,Boston,,MA,US,1,Mobile App Development, Mobile App Developers
Company,,,,Resolute Software,770 901-9870,Lawrenceville,,GA,US,1,Mobile App Development, Mobile App Developers
Company,,,,CM&D,206 817-5179,Austin,,TX,US,1,Mobile App Development, Mobile App Developers
Company,,,,Bellwood Labs,404 663-9945,Atlanta,,GA,US,1,Mobile App Development, Mobile App Developers
Company,,,,Fire Flower Apps,403 477-6334,Calgary,,,CA,1,Mobile App Development, Mobile App Developers
Company,,,,InfoRox,012  1270-6073,Birmingham,,,UK,44,Mobile App Development, Mobile App Developers
Company,,,,Smart Thinking,525 54040-8271,Mexico City,,,MX,52,Mobile App Development, Mobile App Developers
Company,,,,Cobuild Lab Inc,786 991-3467,Miami,,FL,US,1,Mobile App Development, Mobile App Developers
Company,,,,DxGreat,447 55157-0931,London,,,UK,44,Mobile App Development, Mobile App Developers
Company,,,,CT Software Solutions,818 518-3399,Los Angeles,,CA,US,1,Mobile App Development, Mobile App Developers
Company,,,,New Digital Street,662 12-1183,Warszawa,,,PL,48,Mobile App Development, Mobile App Developers
Company,,,,ENBISYS,310 85065-3742,Warmond,,,NL,31,Mobile App Development, Mobile App Developers
Company,,,,FusionHit,760 884-3886,Heredia,,,CR,506,Mobile App Development, Mobile App Developers
Company,,,,Miracle Mill AG,347 464-2210,Baar,,,CH,41,Mobile App Development, Mobile App Developers
Company,,,,Nextrope,487 3003-8775,Gdynia,,,PL,48,Mobile App Development, Mobile App Developers
Company,,,,Danavero Inc.,647 948-7708,Burlington,,,CA,1,Mobile App Development, Mobile App Developers
Company,,,,PROBEGIN,318 5401-6527,Lelystad,,,NL,31,Mobile App Development, Mobile App Developers
Company,,,,DigitalDesign.NYC,212 380-1761,New York,,NY,US,1,Mobile App Development, Mobile App Developers
Company,,,,Corner Case Technologies,370 6744-4912,Vilnius,,,LT,370,Mobile App Development, Mobile App Developers
Company,,,,Ilani Concepts,254 72235-2843,Nairobi City,,,KE,254,Mobile App Development, Mobile App Developers
Company,,,,Wi4,832 420-2402,Fayetteville,,GA,US,1,Mobile App Development, Mobile App Developers
Company,,,,Phaedra Solutions,412 475-9053,Pittsburgh,,PA,US,1,Mobile App Development, Mobile App Developers
Company,,,,Front IT,455 577-7300,Vilnius,,,LT,370,Mobile App Development, Mobile App Developers
Company,,,,Core Blue,017 5287-5666,London,,,UK,44,Mobile App Development, Mobile App Developers
Company,,,,Bonsai Media Group,206 528-2515,Seattle,,WA,US,1,Mobile App Development, Mobile App Developers
Company,,,,Sembit,503 828-9428,Portland,,OR,US,1,Mobile App Development, Mobile App Developers
Company,,,,Full Cortex,860 942-9096,Boston,,MA,US,1,Mobile App Development, Mobile App Developers
Company,,,,TH-EY,783 378-5073,London,,,UK,44,Mobile App Development, Mobile App Developers
Company,,,,Juego Studios,510 241-9354,California,,CA,US,1,Mobile App Development, Mobile App Developers
Company,,,,LLC Darly Solutions,380 73182-2859,Kharkiv,,,UA,380,Mobile App Development, Mobile App Developers
Company,,,,makeithappen.nyc,415 728-7273,New York,,NY,US,1,Mobile App Development, Mobile App Developers
Company,,,,NCoreSoft,919 90999-4628,Ahmedabad,,,IN,91,Mobile App Development, Mobile App Developers
Company,,,,The Thoughtful Company,929 376-9933,Denver,,CO,US,1,Mobile App Development, Mobile App Developers
Company,,,,SOLUNTECH,786 220-4668,Newark,,DE,US,1,Mobile App Development, Mobile App Developers
Company,,,,Brights,380 44227-4262,Kyiv,,,UK,44,Mobile App Development, Mobile App Developers
Company,,,,CodeXteam,971 50634-6712,Dubai,,,UAE,971,Mobile App Development, Mobile App Developers
Company,,,,Traction Consulting Group,248 679-9454,Wixom,,MI,US,1,Mobile App Development, Mobile App Developers
Company,,,,Inflexion Software,650 318-6306,Palo Alto,,CA,US,1,Mobile App Development, Mobile App Developers
Company,,,,Accelerator Team,353 1582-6420,Dublin,,,IRL,35,Mobile App Development, Mobile App Developers
Company,,,,VAO,486 1875-0114,Pozna?,,,Pl,48,Mobile App Development, Mobile App Developers
Company,,,,AJProTech,818 851-1502,Los Angeles,,CA,US,1,Mobile App Development, Mobile App Developers
Company,,,,Crypton Studio,795 2157-2340,R?ga,,,LV,371,Mobile App Development, Mobile App Developers
Company,,,,Digital Solutions,949 379-1714,Irvine,,CA,US,1,Mobile App Development, Mobile App Developers
Company,,,,ICVR Interactive,310 489-0185,Marina del Rey,,CA,US,1,Mobile App Development, Mobile App Developers
Company,,,,Moka,549 342549-8649,Santa Fe,,,AR,54,Mobile App Development, Mobile App Developers
Company,,,,IronGlove Studio,503 501-4645,Oregon City,,OR,US,1,Mobile App Development, Mobile App Developers
Company,,,,Baha Agency,026 100-3454,Braddon,,,AU,61,Mobile App Development, Mobile App Developers
Company,,,,Heaven Solutions,425 770-4007,Kirkland,,WA,US,1,Mobile App Development, Mobile App Developers
Company,,,,Qarbon IT,485 1180-7027,Katowice,,,PL,48,Mobile App Development, Mobile App Developers
Company,,,,JMR Technologies,482 2415-5580,Warszawa,,,PL,48,Mobile App Development, Mobile App Developers
Company,,,,Skylines One,302 747-1888,Lewes,,DE,US,1,Mobile App Development, Mobile App Developers
Company,,,,RaftLabs,353 89964-5711,Dublin,,,IRL,35,Mobile App Development, Mobile App Developers
Company,,,,Dignitas Digital,267 693-4069,Philadelphia,,PA,US,1,Mobile App Development, Mobile App Developers
Company,,,,Levels.Digital,020 8058-0181,London,,,UK,44,Mobile App Development, Mobile App Developers
Company,,,,Gila CMS,525 56164-6076,Ciudad de México,,,MX,52,Mobile App Development, Mobile App Developers
Company,,,,Bright Bridge Web,801 609-4664,Provo,,UT,US,1,Mobile App Development, Mobile App Developers
Company,,,,Kalapa Design Studio,480 318-4412,Chicago,,IL,US,1,Mobile App Development, Mobile App Developers
Company,,,,JANETO,842 86683-3575,Ho Chi Minh,,,VT,84,Mobile App Development, Mobile App Developers
Company,,,,Futuro Team,491 63960-3107,Berlin,,,DE,49,Mobile App Development, Mobile App Developers
Company,,,,Trenser Technology Solutions (P) Ltd,914 71270-0844,Thiruvananthapuram,,,IN,91,Mobile App Development, Mobile App Developers
Company,,,,DEVtrust,347 719-4819,Lucknow,,,IN,91,Mobile App Development, Mobile App Developers
Company,,,,BuildLab,703 957-0615,Arlington,,VA,US,1,Mobile App Development, Mobile App Developers
Company,,,,Clean Commit,041 218-4388,Canberra,,,AU,61,Mobile App Development, Mobile App Developers
Company,,,,Metal Toad,310 507-0606,Beverly Hills,,CA,US,1,Mobile App Development, Mobile App Developers
Company,,,,Webgeosoln,893 044-6588,Sahibzada Ajit Singh Nagar,,,IN,91,Mobile App Development, Mobile App Developers
Company,,,,Pipelabs,614 3028-1801,West Melbourne,,,AU,61,Mobile App Development, Mobile App Developers
Company,,,,EvaCodes,380 93784-5528,Kyiv,,,UK,44,Mobile App Development, Mobile App Developers
Company,,,,MoldoWEB,075 976-2371,Cluj-Napoca,,,RO,40,Mobile App Development, Mobile App Developers
Company,,,,Lotus Quality Assurance,842 46660-7474,Hanoi,,,VT,84,Mobile App Development, Mobile App Developers
Company,,,,Evolut,614 0285-3722,Upper Kedron,,,AU,61,Mobile App Development, Mobile App Developers
Company,,,,Frogmouth Digital,858 337-7452,San Diego,,CA,US,1,Mobile App Development, Mobile App Developers
Company,,,,Mvmnt,42 4442-9249,Los Angeles,,CA,US,1,Mobile App Development, Mobile App Developers
Company,,,,Wealize,654 45-6434,Córdoba,,,ES,34,Mobile App Development, Mobile App Developers
Company,,,,CloudNesil,,Denizli,,,TR,90,Mobile App Development, Mobile App Developers
Company,,,,TECHBLEED,844 777-8558,Glendale,,CA,US,1,Mobile App Development, Mobile App Developers
Company,,,,Singapore Ecommerce App Pte. Ltd,903 0-5959,,,,SG,65,Mobile App Development, Mobile App Developers
Company,,,,i-HiddenTAlent,917 77804-5798,Ahmedabad,,,IN,91,Mobile App Development, Mobile App Developers
Company,,,,INOWU,521 662329-0233,Sonora,,,MX,52,Mobile App Development, Mobile App Developers
Company,,,,Moravio,420 73936-0450,Prague,,,CZ,1,Mobile App Development, Mobile App Developers
